nom,date_heure,temperature
CT801,2021-08-27 19:20:45.949048,18.5
CT801,2021-08-27 19:21:16.091905,18.81
CT801,2021-08-27 19:21:26.139216,18.93
CT801,2021-08-27 19:21:36.187037,19.06
CT801,2021-08-27 19:21:46.233562,19.31
CT801,2021-08-27 19:21:56.281201,19.68
CT801,2021-08-27 19:22:16.377733,20.5
CT801,2021-08-27 19:22:36.471335,21.5
CT801,2021-08-27 19:22:56.565635,22.31
CT801,2021-08-27 19:23:06.614452,22.56
CT801,2021-08-27 19:23:16.648194,22.87
CT801,2021-08-27 19:23:26.695967,23.0
CT801,2021-08-27 19:23:36.743704,23.18
CT801,2021-08-27 19:25:35.082301,25.75
CT801,2021-08-27 19:25:45.373295,25.75
CT801,2021-08-27 19:25:55.420924,25.75
CT801,2021-08-27 19:26:05.467976,25.75
CT801,2021-08-27 19:26:16.436260,25.75
CT801,2021-08-27 19:26:26.483449,25.75
CT801,2021-08-27 19:26:36.531912,25.75
CT801,2021-08-27 19:26:46.580974,25.75
CT801,2021-08-27 19:26:56.629294,25.75
CT801,2021-08-27 19:27:06.678045,25.75
CT801,2021-08-27 19:27:16.725806,25.75
CT801,2021-08-27 19:27:26.772272,25.75
CT801,2021-08-27 19:27:36.820949,25.75
CT801,2021-08-27 19:27:46.870356,25.75
CT801,2021-08-27 19:27:56.918590,25.75
CT801,2021-08-27 19:28:17.010409,25.68
CT801,2021-08-27 19:28:27.059094,25.68
CT801,2021-08-27 19:28:47.261632,25.68
CT801,2021-08-27 19:28:57.309460,25.68
CT801,2021-08-27 19:29:07.356896,25.68
CT801,2021-08-27 19:29:27.451323,25.75
CT801,2021-08-27 19:29:37.500166,25.68
CT801,2021-08-27 19:29:47.547516,25.68
CT801,2021-08-27 19:29:57.595171,25.75
CT801,2021-08-27 19:47:12.339762,24.56
CT801,2021-08-27 19:47:22.390511,24.5
CT801,2021-08-27 19:47:32.439243,24.5
CT801,2021-08-27 19:47:52.533242,24.43
CT801,2021-08-27 19:48:12.628673,24.43
CT801,2021-08-27 19:48:32.723794,24.43
CT801,2021-08-27 19:48:42.771437,24.37
CT801,2021-08-27 19:48:52.819059,24.37
CT801,2021-08-27 19:49:02.867763,24.37
CT801,2021-08-27 19:49:12.913691,24.37
CT801,2021-08-27 19:49:22.955526,24.37
CT801,2021-08-27 19:49:33.004450,24.31
CT801,2021-08-27 19:49:43.052059,24.37
CT801,2021-08-27 19:49:53.099725,24.31
CT801,2021-08-27 19:50:03.147354,24.37
CT801,2021-08-27 19:50:13.190659,24.31
CT801,2021-08-27 19:50:23.238999,24.31
CT801,2021-08-27 19:50:33.285212,24.31
CT801,2021-08-27 19:50:43.332608,24.31
CT801,2021-08-27 19:50:53.380707,24.37
CT801,2021-08-27 19:51:03.428086,24.37
CT801,2021-08-27 19:51:23.521998,24.37
CT801,2021-08-27 19:51:33.572013,24.37
CT801,2021-08-27 19:51:43.619380,24.37
CT801,2021-08-27 19:51:53.663555,24.37
CT801,2021-08-27 19:52:03.710247,24.37
CT801,2021-08-27 19:52:13.757052,24.37
CT801,2021-08-27 19:52:23.803902,24.37
CT801,2021-08-27 19:52:43.894341,24.37
CT801,2021-08-27 19:53:03.987007,24.43
CT801,2021-08-27 19:53:14.029789,24.43
CT801,2021-08-27 19:53:44.169035,24.43
CT801,2021-08-27 19:53:54.217560,24.43
CT801,2021-08-27 19:54:04.265213,24.43
CT801,2021-08-27 19:54:14.312876,24.43
CT801,2021-08-27 19:54:34.406889,24.5
CT801,2021-08-27 19:54:44.455726,24.5
CT801,2021-08-27 19:54:54.503472,24.5
CT801,2021-08-27 19:55:04.551121,24.5
CT801,2021-08-27 19:55:14.597358,24.5
CT801,2021-08-27 19:55:24.644925,24.5
CT801,2021-08-27 19:55:34.692919,24.5
CT801,2021-08-27 19:55:44.736525,24.5
CT801,2021-08-27 19:55:54.784201,24.5
CT801,2021-08-27 19:56:04.831781,24.56
CT801,2021-08-27 19:56:14.879260,24.56
CT801,2021-08-27 19:56:24.928254,24.56
CT801,2021-08-27 19:56:34.975838,24.56
CT801,2021-08-27 19:56:45.021989,24.56
CT801,2021-08-27 19:56:55.071101,24.56
CT801,2021-08-27 19:57:05.118707,24.56
CT801,2021-08-27 19:57:15.166157,24.56
CT801,2021-08-27 19:57:25.213971,24.62
CT801,2021-08-27 19:57:35.262667,24.62
CT801,2021-08-27 19:57:45.303700,24.62
CT801,2021-08-27 19:57:55.350714,24.62
CT801,2021-08-27 19:58:05.395693,24.62
CT801,2021-08-27 19:58:25.490859,24.62
CT801,2021-08-27 19:58:35.537335,24.62
CT801,2021-08-27 19:58:45.584839,24.62
CT801,2021-08-27 19:59:05.677691,24.68
CT801,2021-08-27 19:59:15.725384,24.68
CT801,2021-08-27 19:59:25.773963,24.68
CT801,2021-08-27 19:59:57.305817,24.68
CT801,2021-08-27 20:00:17.398682,24.68
CT801,2021-08-27 20:00:27.446068,24.75
CT801,2021-08-27 20:00:37.493199,24.75
CT801,2021-08-27 20:00:47.540158,24.75
CT801,2021-08-27 20:01:07.632776,24.75
CT801,2021-08-27 20:01:17.682081,24.75
CT801,2021-08-27 20:01:27.730597,24.75
CT801,2021-08-27 20:01:37.778298,24.75
CT801,2021-08-27 20:01:47.826018,24.75
CT801,2021-08-27 20:02:07.920093,24.75
CT801,2021-08-27 20:02:17.968878,24.75
CT801,2021-08-27 20:02:28.016441,24.81
CT801,2021-08-27 20:02:38.063233,24.81
CT801,2021-08-27 20:02:58.152684,24.81
CT801,2021-08-27 20:03:18.246830,24.81
CT801,2021-08-27 20:03:28.294530,24.81
CT801,2021-08-27 20:03:38.342249,24.81
CT801,2021-08-27 20:03:48.389755,24.81
CT801,2021-08-27 20:03:58.437220,24.81
CT801,2021-08-27 20:04:08.483737,24.87
CT801,2021-08-27 20:04:18.531390,24.87
CT801,2021-08-27 20:04:28.575744,24.87
CT801,2021-08-27 20:04:38.620498,24.87
CT801,2021-08-27 20:04:48.669454,24.87
CT801,2021-08-27 20:05:08.762104,24.87
CT801,2021-08-27 20:05:28.857365,24.87
CT801,2021-08-27 20:05:38.904947,24.87
CT801,2021-08-27 20:05:48.952798,24.87
CT801,2021-08-27 20:06:09.048512,24.93
CT801,2021-08-27 20:06:19.096692,24.93
CT801,2021-08-27 20:06:39.192174,24.93
CT801,2021-08-27 20:07:09.333446,24.93
CT801,2021-08-27 20:07:19.381381,24.93
CT801,2021-08-27 20:07:39.473940,24.93
CT801,2021-08-27 20:07:59.565412,24.93
CT801,2021-08-27 20:08:09.612979,24.93
CT801,2021-08-27 20:08:19.660835,25.0
CT801,2021-08-27 20:08:29.709249,25.0
CT801,2021-08-27 20:08:39.749818,25.0
CT801,2021-08-27 20:09:09.888080,25.0
CT801,2021-08-27 20:09:19.937625,25.0
CT801,2021-08-27 20:09:29.986475,25.0
CT801,2021-08-27 20:09:40.031626,25.0
CT801,2021-08-27 20:09:50.079352,25.0
CT801,2021-08-27 20:10:10.175777,25.0
CT801,2021-08-27 20:10:20.223043,25.0
CT801,2021-08-27 20:10:30.271028,25.0
CT801,2021-08-27 20:10:40.319129,25.0
CT801,2021-08-27 20:10:50.366271,25.06
CT801,2021-08-27 20:11:00.413651,25.06
CT801,2021-08-27 20:11:10.462466,25.06
CT801,2021-08-27 20:11:20.506430,25.06
CT801,2021-08-27 20:11:30.553975,25.06
CT801,2021-08-27 20:11:50.648006,25.06
CT801,2021-08-27 20:12:00.695807,25.06
CT801,2021-08-27 20:12:10.744382,25.06
CT801,2021-08-27 20:12:20.792089,25.06
CT801,2021-08-27 20:13:00.967682,25.06
CT801,2021-08-27 20:13:11.015473,25.06
CT801,2021-08-27 20:13:21.064274,25.12
CT801,2021-08-27 20:13:41.158282,25.12
CT801,2021-08-27 20:13:51.205598,25.12
CT801,2021-08-27 20:14:01.253482,25.12
CT801,2021-08-27 20:14:21.348579,25.12
CT801,2021-08-27 20:14:31.398833,25.12
CT801,2021-08-27 20:14:41.447555,25.12
CT801,2021-08-27 20:14:51.494559,25.12
CT801,2021-08-27 20:15:01.542832,25.12
CT801,2021-08-27 20:15:11.591539,25.12
CT801,2021-08-27 20:15:31.688602,25.12
CT801,2021-08-27 20:15:41.737259,25.12
CT801,2021-08-27 20:15:51.784777,25.12
CT801,2021-08-27 20:16:01.827404,25.12
CT801,2021-08-27 20:16:21.921350,25.12
CT801,2021-08-27 20:16:42.019372,25.12
CT801,2021-08-27 20:16:52.064326,25.12
CT801,2021-08-27 20:17:02.103741,25.12
CT801,2021-08-27 20:17:12.150733,25.12
CT801,2021-08-27 20:17:22.195947,25.18
CT801,2021-08-27 20:17:32.243826,25.18
CT801,2021-08-27 20:17:52.340066,25.18
CT801,2021-08-27 20:18:02.389350,25.12
CT801,2021-08-27 20:18:12.435083,25.18
CT801,2021-08-27 20:18:22.482742,25.18
CT801,2021-08-27 20:18:32.530617,25.18
CT801,2021-08-27 20:18:42.578139,25.18
CT801,2021-08-27 20:18:52.625764,25.18
CT801,2021-08-27 20:19:02.661212,25.18
CT801,2021-08-27 20:19:12.709706,25.18
CT801,2021-08-27 20:19:22.756715,25.18
CT801,2021-08-27 20:19:42.847529,25.18
CT801,2021-08-27 20:19:52.895863,25.18
CT801,2021-08-27 20:20:02.942792,25.18
CT801,2021-08-27 20:20:12.991857,25.18
CT801,2021-08-27 20:21:03.223543,25.18
CT801,2021-08-27 20:21:13.267749,25.18
CT801,2021-08-27 20:21:23.315866,25.25
CT801,2021-08-27 20:21:43.410452,25.18
CT801,2021-08-27 20:21:53.459047,25.25
CT801,2021-08-27 20:22:03.506868,25.18
CT801,2021-08-27 20:22:13.555597,25.18
CT801,2021-08-27 20:22:23.603164,25.25
CT801,2021-08-27 20:22:43.694626,25.18
CT801,2021-08-27 20:23:13.833738,25.25
CT801,2021-08-27 20:23:43.966774,25.25
CT801,2021-08-27 20:23:54.015540,25.25
CT801,2021-08-27 20:24:04.063256,25.25
CT801,2021-08-27 20:24:14.110866,25.25
CT801,2021-08-27 20:24:34.191511,25.25
CT801,2021-08-27 20:24:44.241106,25.25
CT801,2021-08-27 20:24:54.289311,25.25
CT801,2021-08-27 20:25:04.337790,25.25
CT801,2021-08-27 20:25:14.383911,25.25
CT801,2021-08-27 20:25:24.431807,25.25
CT801,2021-08-27 20:25:34.480343,25.25
CT801,2021-08-27 20:25:44.526865,25.25
CT801,2021-08-27 20:26:04.621058,25.25
CT801,2021-08-27 20:26:14.669171,25.25
CT801,2021-08-27 20:26:24.717479,25.25
CT801,2021-08-27 20:26:34.763810,25.25
CT801,2021-08-27 20:26:44.810382,25.25
CT801,2021-08-27 20:26:54.857792,25.25
CT801,2021-08-27 20:27:04.906693,25.25
CT801,2021-08-27 20:27:14.956795,25.25
CT801,2021-08-27 20:27:25.004507,25.25
CT801,2021-08-27 20:27:35.051365,25.25
CT801,2021-08-27 20:27:45.098948,25.25
CT801,2021-08-27 20:28:05.192259,25.25
CT801,2021-08-27 20:28:15.241700,25.25
CT801,2021-08-27 20:28:25.290131,25.25
CT801,2021-08-27 20:28:35.337591,25.25
CT801,2021-08-27 20:28:45.377457,25.25
CT801,2021-08-27 20:28:55.426736,25.25
CT801,2021-08-27 20:29:15.520832,25.25
CT801,2021-08-27 20:29:26.444637,25.25
CT801,2021-08-27 20:29:56.575996,25.25
CT801,2021-08-27 20:30:16.670349,25.25
CT801,2021-08-27 20:30:26.719184,25.25
CT801,2021-08-27 20:30:36.989080,25.25
CT801,2021-08-27 20:30:47.037908,25.25
CT801,2021-08-27 20:30:57.085639,25.25
CT801,2021-08-27 20:31:17.173375,25.25
CT801,2021-08-27 20:31:27.221075,25.25
CT801,2021-08-27 20:31:37.271349,25.25
CT801,2021-08-27 20:31:47.320218,25.25
CT801,2021-08-27 20:31:57.369059,25.25
CT801,2021-08-27 20:32:17.450047,25.25
CT801,2021-08-27 20:32:57.634609,25.25
CT801,2021-08-27 20:33:07.682371,25.25
CT801,2021-08-27 20:33:17.723874,25.25
CT801,2021-08-27 20:33:27.771308,25.25
CT801,2021-08-27 20:33:37.816549,25.25
CT801,2021-08-27 20:33:47.864062,25.25
CT801,2021-08-27 20:33:57.911535,25.25
CT801,2021-08-27 20:34:07.944179,25.25
CT801,2021-08-27 20:34:17.991940,25.25
CT801,2021-08-27 20:34:38.080827,25.25
CT801,2021-08-27 20:34:59.971240,25.25
CT801,2021-08-27 20:35:10.018632,25.25
CT801,2021-08-27 20:35:30.113882,25.25
CT801,2021-08-27 20:35:40.146842,25.25
CT801,2021-08-27 20:35:50.195567,25.25
CT801,2021-08-27 20:36:00.244238,25.25
CT801,2021-08-27 20:36:10.292077,25.25
CT801,2021-08-27 20:36:20.341011,25.25
CT801,2021-08-27 20:36:30.388537,25.25
CT801,2021-08-27 20:36:40.437387,25.25
CT801,2021-08-27 20:37:00.533840,25.25
CT801,2021-08-27 20:37:10.579123,25.25
CT801,2021-08-27 20:37:20.627968,25.25
CT801,2021-08-27 20:37:30.676832,25.25
CT801,2021-08-27 20:37:50.764285,25.25
CT801,2021-08-27 20:38:10.857820,25.25
CT801,2021-08-27 20:38:20.906246,25.25
CT801,2021-08-27 20:38:30.953680,25.25
CT801,2021-08-27 20:38:51.045792,25.25
CT801,2021-08-27 20:39:01.093738,25.25
CT801,2021-08-27 20:39:11.141778,25.18
CT801,2021-08-27 20:39:21.188931,25.18
CT801,2021-08-27 20:39:52.258336,25.18
CT801,2021-08-27 20:40:12.342402,25.12
CT801,2021-08-27 20:40:22.390167,25.12
CT801,2021-08-27 20:41:02.576968,25.06
CT801,2021-08-27 20:42:12.875028,25.0
CT801,2021-08-27 20:42:22.916663,24.93
CT801,2021-08-27 20:43:03.108553,24.87
CT801,2021-08-27 20:43:13.157382,24.87
CT801,2021-08-27 20:43:23.208405,24.87
CT801,2021-08-27 20:43:43.304910,24.81
CT801,2021-08-27 20:43:53.352037,24.81
CT801,2021-08-27 20:44:23.483534,24.75
CT801,2021-08-27 20:44:33.530665,24.75
CT801,2021-08-27 20:44:43.579454,24.68
CT801,2021-08-27 20:45:03.672923,24.68
CT801,2021-08-27 20:45:13.706101,24.62
CT801,2021-08-27 20:49:04.767070,24.31
CT801,2021-08-27 20:49:14.815242,24.31
CT801,2021-08-27 20:49:24.862804,24.25
CT801,2021-08-27 20:49:34.909432,24.25
CT801,2021-08-27 20:49:44.956732,24.25
CT801,2021-08-27 20:49:55.005611,24.25
CT801,2021-08-27 20:50:05.053223,24.25
CT801,2021-08-27 20:50:15.097308,24.25
CT801,2021-08-27 20:50:25.145862,24.18
CT801,2021-08-27 20:50:35.191736,24.25
CT801,2021-08-27 20:50:45.240200,24.18
CT801,2021-08-27 20:51:15.379215,24.18
CT801,2021-08-27 20:51:25.426561,24.18
CT801,2021-08-27 20:51:35.473506,24.18
CT801,2021-08-27 20:51:45.507151,24.12
CT801,2021-08-27 20:51:55.555675,24.12
CT801,2021-08-27 20:52:05.603475,24.12
CT801,2021-08-27 20:52:25.697501,24.12
CT801,2021-08-27 20:52:45.791479,24.12
CT801,2021-08-27 20:52:55.836523,24.12
CT801,2021-08-27 20:53:05.885334,24.12
CT801,2021-08-27 20:53:25.981879,24.12
CT801,2021-08-27 20:53:46.078460,24.06
CT801,2021-08-27 20:53:56.122943,24.06
CT801,2021-08-27 20:54:06.168574,24.06
CT801,2021-08-27 20:54:26.261549,24.06
CT801,2021-08-27 20:54:36.307633,24.06
CT801,2021-08-27 20:54:46.352976,24.06
CT801,2021-08-27 20:54:56.400714,24.06
CT801,2021-08-27 20:55:16.497040,24.0
CT801,2021-08-27 20:55:26.544791,24.0
CT801,2021-08-27 20:55:36.593640,24.0
CT801,2021-08-27 20:55:56.677606,24.0
CT801,2021-08-27 20:56:16.771578,24.0
CT801,2021-08-27 20:56:26.818684,23.93
CT801,2021-08-27 20:56:56.945796,23.93
CT801,2021-08-27 20:57:17.038390,23.93
CT801,2021-08-27 20:57:27.086124,23.93
CT801,2021-08-27 20:57:47.181362,23.93
CT801,2021-08-27 20:58:27.338001,23.87
CT801,2021-08-27 20:58:37.383454,23.87
CT801,2021-08-27 20:58:47.430994,23.87
CT801,2021-08-27 20:59:17.553837,23.81
CT801,2021-08-27 20:59:27.601545,23.81
CT801,2021-08-27 20:59:37.651341,23.81
CT801,2021-08-27 20:59:47.700501,23.81
CT801,2021-08-27 20:59:57.747988,23.81
CT801,2021-08-27 21:00:07.782234,23.81
CT801,2021-08-27 21:00:17.814321,23.81
CT801,2021-08-27 21:00:27.862171,23.81
CT801,2021-08-27 21:00:37.904460,23.75
CT801,2021-08-27 21:00:47.950280,23.75
CT801,2021-08-27 21:01:38.182920,23.75
CT801,2021-08-27 21:01:48.231841,23.68
CT801,2021-08-27 21:02:18.357200,23.68
CT801,2021-08-27 21:02:28.412998,23.68
CT801,2021-08-27 21:02:38.460071,23.68
CT801,2021-08-27 21:02:48.508941,23.68
CT801,2021-08-27 21:03:08.601556,23.62
CT801,2021-08-27 21:03:28.680215,23.62
CT801,2021-08-27 21:03:38.728072,23.62
CT801,2021-08-27 21:03:48.776784,23.62
CT801,2021-08-27 21:04:08.871009,23.62
CT801,2021-08-27 21:04:28.963806,23.62
CT801,2021-08-27 21:04:39.008070,23.56
CT801,2021-08-27 21:04:59.102912,23.56
CT801,2021-08-27 21:05:09.150606,23.56
CT801,2021-08-27 21:05:19.197135,23.56
CT801,2021-08-27 21:05:29.244319,23.56
CT801,2021-08-27 21:05:39.292095,23.56
CT801,2021-08-27 21:05:49.338345,23.5
CT801,2021-08-27 21:05:59.385993,23.5
CT801,2021-08-27 21:06:09.433675,23.5
CT801,2021-08-27 21:06:29.523299,23.5
CT801,2021-08-27 21:06:39.568363,23.5
CT801,2021-08-27 21:06:49.616713,23.5
CT801,2021-08-27 21:06:59.665153,23.5
CT801,2021-08-27 21:07:29.808423,23.43
CT801,2021-08-27 21:07:39.841972,23.43
CT801,2021-08-27 21:08:30.080911,23.43
CT801,2021-08-27 21:08:40.113573,23.37
CT801,2021-08-27 21:09:10.256864,23.37
CT801,2021-08-27 21:09:30.351198,23.37
CT801,2021-08-27 21:09:40.383218,23.37
CT801,2021-08-27 21:10:00.480932,23.37
CT801,2021-08-27 21:10:30.623005,23.31
CT801,2021-08-27 21:10:40.669501,23.31
CT801,2021-08-27 21:10:50.715641,23.31
CT801,2021-08-27 21:11:20.890187,23.31
CT801,2021-08-27 21:11:51.011618,23.25
CT801,2021-08-27 21:12:21.154502,23.25
CT801,2021-08-27 21:12:31.201968,23.25
CT801,2021-08-27 21:13:01.329019,23.25
CT801,2021-08-27 21:13:21.421621,23.25
CT801,2021-08-27 21:13:31.466579,23.25
CT801,2021-08-27 21:13:41.514233,23.18
CT801,2021-08-27 21:13:51.546152,23.18
CT801,2021-08-27 21:14:31.731138,23.18
CT801,2021-08-27 21:14:51.823797,23.18
CT801,2021-08-27 21:15:01.864958,23.18
CT801,2021-08-27 21:15:32.002769,23.18
CT801,2021-08-27 21:15:42.050793,23.12
CT801,2021-08-27 21:15:52.096598,23.12
CT801,2021-08-27 21:16:12.182422,23.12
CT801,2021-08-27 21:16:42.321521,23.12
CT801,2021-08-27 21:16:52.370133,23.12
CT801,2021-08-27 21:17:02.402501,23.12
CT801,2021-08-27 21:17:12.448615,23.12
CT801,2021-08-27 21:17:22.489425,23.12
CT801,2021-08-27 21:17:32.537790,23.06
CT801,2021-08-27 21:17:42.584052,23.06
CT801,2021-08-27 21:17:52.632211,23.12
CT801,2021-08-27 21:18:12.710018,23.06
CT801,2021-08-27 21:18:32.799093,23.06
CT801,2021-08-27 21:18:42.847700,23.06
CT801,2021-08-27 21:18:52.894214,23.06
CT801,2021-08-27 21:19:23.001157,23.06
CT801,2021-08-27 21:19:43.093727,23.06
CT801,2021-08-27 21:20:13.232812,23.0
CT801,2021-08-27 21:20:23.266736,23.06
CT801,2021-08-27 21:20:43.359243,23.0
CT801,2021-08-27 21:20:53.407993,23.0
CT801,2021-08-27 21:21:03.454547,23.0
CT801,2021-08-27 21:21:13.487234,23.0
CT801,2021-08-27 21:21:23.519794,23.0
CT801,2021-08-27 21:22:03.704173,23.0
CT801,2021-08-27 21:22:23.779242,23.0
CT801,2021-08-27 21:22:33.826606,23.0
CT801,2021-08-27 21:22:53.919723,23.0
CT801,2021-08-27 21:23:03.966622,23.0
CT801,2021-08-27 21:23:13.996113,23.0
CT801,2021-08-27 21:23:24.042481,23.0
CT801,2021-08-27 21:23:44.137686,22.93
CT801,2021-08-27 21:24:04.232452,22.93
CT801,2021-08-27 21:24:24.327039,22.93
CT801,2021-08-27 21:25:04.500113,22.93
CT801,2021-08-27 21:25:14.542184,22.93
CT801,2021-08-27 21:25:24.588481,22.93
CT801,2021-08-27 21:25:34.622708,22.93
CT801,2021-08-27 21:25:44.668545,22.93
CT801,2021-08-27 21:25:54.716256,22.93
CT801,2021-08-27 21:26:04.763323,22.93
CT801,2021-08-27 21:26:34.902930,22.93
CT801,2021-08-27 21:27:15.090559,22.93
CT801,2021-08-27 21:27:25.139400,22.93
CT801,2021-08-27 21:27:45.230723,22.93
CT801,2021-08-27 21:28:05.324811,22.93
CT801,2021-08-27 21:28:25.418471,22.93
CT801,2021-08-27 21:28:35.466317,22.93
CT801,2021-08-27 21:29:05.590397,22.93
CT801,2021-08-27 21:29:35.731021,22.87
CT801,2021-08-27 21:29:45.765041,22.93
CT801,2021-08-27 21:29:55.812234,22.93
CT801,2021-08-27 21:30:05.859854,22.93
CT801,2021-08-27 21:30:15.908822,22.93
CT801,2021-08-27 21:30:25.956245,22.87
CT801,2021-08-27 21:31:06.120873,22.87
CT801,2021-08-27 21:31:16.169726,22.87
CT801,2021-08-27 21:31:36.261143,22.87
CT801,2021-08-27 21:32:06.401510,22.87
CT801,2021-08-27 21:32:26.492292,22.87
CT801,2021-08-27 21:32:36.540593,22.87
CT801,2021-08-27 21:32:46.586943,22.87
CT801,2021-08-27 21:33:26.756851,22.87
CT801,2021-08-27 21:33:36.803837,22.87
CT801,2021-08-27 21:33:46.853948,22.87
CT801,2021-08-27 21:33:56.887866,22.87
CT801,2021-08-27 21:34:06.935030,22.87
CT801,2021-08-27 21:34:16.982924,22.87
CT801,2021-08-27 21:34:37.075830,22.87
CT801,2021-08-27 21:34:47.123147,22.87
CT801,2021-08-27 21:34:57.156287,22.87
CT801,2021-08-27 21:35:07.204970,22.87
CT801,2021-08-27 21:35:27.296311,22.87
CT801,2021-08-27 21:35:37.343908,22.87
CT801,2021-08-27 21:35:47.391706,22.87
CT801,2021-08-27 21:35:57.437982,22.87
CT801,2021-08-27 21:36:17.532081,22.87
CT801,2021-08-27 21:36:27.580913,22.87
CT801,2021-08-27 21:36:37.629759,22.87
CT801,2021-08-27 21:36:47.677324,22.87
CT801,2021-08-27 21:37:17.798896,22.87
CT801,2021-08-27 21:37:27.847953,22.87
CT801,2021-08-27 21:37:47.944458,22.87
CT801,2021-08-27 21:38:18.069678,22.87
CT801,2021-08-27 21:38:58.253637,22.87
CT801,2021-08-27 21:39:08.286012,22.87
CT801,2021-08-27 21:39:28.377900,22.87
CT801,2021-08-27 21:39:38.428114,22.87
CT801,2021-08-27 21:40:08.571067,22.87
CT801,2021-08-27 21:40:18.607083,22.87
CT801,2021-08-27 21:40:28.642920,22.87
CT801,2021-08-27 21:40:48.734914,22.87
CT801,2021-08-27 21:40:58.784507,22.87
CT801,2021-08-27 21:41:08.833060,22.93
CT801,2021-08-27 21:41:18.880617,22.87
CT801,2021-08-27 21:41:28.914579,22.87
CT801,2021-08-27 21:41:38.961322,22.87
CT801,2021-08-27 21:41:49.011466,22.87
                                        CT801,2021-08-27 21:19:05.032397,21.25
CT801,2021-08-27 21:19:25.133641,21.31
CT801,2021-08-27 21:19:35.183586,21.31
CT801,2021-08-27 21:19:55.275709,21.31
CT801,2021-08-27 21:20:05.321357,21.31
CT801,2021-08-27 21:20:15.370217,21.31
CT801,2021-08-27 21:20:25.415314,21.37
CT801,2021-08-27 21:20:35.462903,21.37
CT801,2021-08-27 21:20:45.511423,21.37
CT801,2021-08-27 21:20:55.560007,21.37
CT801,2021-08-27 21:21:05.609869,21.37
CT801,2021-08-27 21:21:35.752447,21.43
CT801,2021-08-27 21:21:45.798729,21.43
CT801,2021-08-27 21:22:05.892809,21.43
CT801,2021-08-27 21:22:36.035207,21.5
CT801,2021-08-27 21:23:06.177537,21.5
CT801,2021-08-27 21:23:26.274046,21.56
CT801,2021-08-27 21:23:36.322287,21.56
CT801,2021-08-27 21:23:46.370433,21.56
CT801,2021-08-27 21:23:56.419309,21.56
CT801,2021-08-27 21:24:06.468159,21.56
CT801,2021-08-27 21:24:16.517191,21.62
CT801,2021-08-27 21:24:26.566059,21.62
CT801,2021-08-27 21:24:36.614729,21.62
CT801,2021-08-27 21:24:46.662387,21.62
CT801,2021-08-27 21:24:56.699886,21.62
CT801,2021-08-27 21:25:06.747909,21.62
CT801,2021-08-27 21:25:26.842889,21.68
CT801,2021-08-27 21:25:36.891730,21.68
CT801,2021-08-27 21:25:56.988206,21.68
CT801,2021-08-27 21:26:27.129887,21.75
CT801,2021-08-27 21:26:37.177883,21.75
CT801,2021-08-27 21:26:57.267742,21.75
CT801,2021-08-27 21:27:27.401825,21.81
CT801,2021-08-27 21:27:37.451928,21.81
CT801,2021-08-27 21:27:57.548423,21.81
CT801,2021-08-27 21:28:17.638384,21.87
CT801,2021-08-27 21:28:57.827086,21.87
CT801,2021-08-27 21:29:07.869204,21.93
CT801,2021-08-27 21:29:17.917768,21.93
CT801,2021-08-27 21:29:27.965296,21.93
CT801,2021-08-27 21:29:48.056051,21.93
CT801,2021-08-27 21:29:58.104775,21.93
CT801,2021-08-27 21:30:08.153562,22.0
CT801,2021-08-27 21:30:18.202002,22.0
CT801,2021-08-27 21:30:28.250407,22.0
CT801,2021-08-27 21:30:38.299191,22.0
CT801,2021-08-27 21:31:08.442083,22.06
CT801,2021-08-27 21:31:18.490614,22.06
CT801,2021-08-27 21:31:28.531576,22.06
CT801,2021-08-27 21:31:58.672429,22.06
CT801,2021-08-27 21:32:08.718777,22.06
CT801,2021-08-27 21:32:28.814153,22.12
CT801,2021-08-27 21:32:48.909260,22.12
CT801,2021-08-27 21:32:58.956597,22.12
CT801,2021-08-27 21:33:09.004732,22.18
CT801,2021-08-27 21:33:19.053410,22.18
CT801,2021-08-27 21:33:39.148733,22.25
CT801,2021-08-27 21:33:49.196297,22.25
CT801,2021-08-27 21:34:09.290585,22.25
CT801,2021-08-27 21:34:29.385828,22.31
CT801,2021-08-27 21:34:39.434226,22.31
CT801,2021-08-27 21:34:49.479510,22.31
CT801,2021-08-27 21:34:59.548590,22.31
CT801,2021-08-27 21:35:09.597399,22.31
CT801,2021-08-27 21:35:19.647456,22.37
CT801,2021-08-27 21:35:39.738765,22.37
CT801,2021-08-27 21:35:49.787259,22.37
CT801,2021-08-27 21:36:09.881693,22.43
CT801,2021-08-27 21:36:29.974551,22.5
CT801,2021-08-27 21:36:40.022087,22.56
CT801,2021-08-27 21:36:50.072372,22.56
CT801,2021-08-27 21:37:10.167607,22.62
CT801,2021-08-27 21:37:20.217053,22.62
CT801,2021-08-27 21:37:30.264133,22.68
CT801,2021-08-27 21:37:40.311250,22.68
CT801,2021-08-27 21:37:50.359242,22.75
CT801,2021-08-27 21:38:10.452209,22.75
CT801,2021-08-27 21:38:20.501351,22.81
CT801,2021-08-27 21:38:30.550716,22.81
CT801,2021-08-27 21:38:40.598638,22.81
CT801,2021-08-27 21:39:00.694040,22.87
CT801,2021-08-27 21:39:10.743795,22.93
CT801,2021-08-27 21:39:30.837734,22.93
CT801,2021-08-27 21:39:40.887055,23.0
CT801,2021-08-27 21:39:50.935807,23.0
CT801,2021-08-27 21:40:00.981348,23.06
CT801,2021-08-27 21:40:11.030873,23.06
CT801,2021-08-27 21:40:31.127640,23.18
CT801,2021-08-27 21:40:41.176170,23.18
CT801,2021-08-27 21:40:51.223735,23.25
CT801,2021-08-27 21:41:01.270645,23.25
CT801,2021-08-27 21:41:51.504313,23.37
CT801,2021-08-27 21:42:01.554581,23.43
CT801,2021-08-27 21:42:41.746229,23.43
CT801,2021-08-27 21:42:51.795552,23.5
CT801,2021-08-27 21:43:01.843856,23.5
CT801,2021-08-27 21:43:11.891521,23.5
CT801,2021-08-27 21:43:42.033635,23.56
CT801,2021-08-27 21:44:02.127648,23.56
CT801,2021-08-27 21:44:22.224076,23.62
CT801,2021-08-27 21:44:32.273998,23.62
CT801,2021-08-27 21:44:42.319292,23.62
CT801,2021-08-27 21:44:52.367946,23.62
CT801,2021-08-27 21:45:02.413246,23.62
CT801,2021-08-27 21:45:12.460789,23.68
CT801,2021-08-27 21:45:22.504782,23.68
CT801,2021-08-27 21:45:42.603439,23.68
CT801,2021-08-27 21:45:52.648839,23.75
CT801,2021-08-27 21:46:22.795486,23.75
CT801,2021-08-27 21:46:52.936980,23.75
CT801,2021-08-27 21:47:02.985259,23.81
CT801,2021-08-27 21:47:13.032283,23.81
CT801,2021-08-27 21:47:23.072515,23.81
CT801,2021-08-27 21:47:33.121176,23.81
CT801,2021-08-27 21:47:43.168807,23.81
CT801,2021-08-27 21:47:53.217756,23.81
CT801,2021-08-27 21:48:03.264598,23.81
CT801,2021-08-27 21:48:13.312822,23.81
CT801,2021-08-27 21:48:33.405618,23.87
CT801,2021-08-27 21:48:43.454389,23.87
CT801,2021-08-27 21:48:53.501554,23.87
CT801,2021-08-27 21:49:03.548524,23.87
CT801,2021-08-27 21:49:13.591150,23.87
CT801,2021-08-27 21:49:23.639469,23.87
CT801,2021-08-27 21:49:33.687717,23.87
CT801,2021-08-27 21:49:53.784018,23.87
CT801,2021-08-27 21:50:13.876397,23.93
CT801,2021-08-27 21:50:33.970247,23.93
CT801,2021-08-27 21:50:44.018608,23.93
CT801,2021-08-27 21:50:54.065489,23.93
CT801,2021-08-27 21:51:14.162817,23.93
CT801,2021-08-27 21:51:24.211199,23.93
CT801,2021-08-27 21:51:44.294569,24.0
CT801,2021-08-27 21:51:54.344359,24.0
CT801,2021-08-27 21:52:14.439381,24.0
CT801,2021-08-27 21:52:54.626537,24.0
CT801,2021-08-27 21:53:04.674691,24.0
CT801,2021-08-27 21:53:14.724114,24.0
CT801,2021-08-27 21:53:24.772487,24.0
CT801,2021-08-27 21:53:44.863127,24.0
CT801,2021-08-27 21:53:54.911249,24.0
CT801,2021-08-27 21:54:04.960351,24.0
CT801,2021-08-27 21:54:15.008471,24.0
CT801,2021-08-27 21:54:35.102413,24.06
CT801,2021-08-27 21:55:05.242308,24.06
CT801,2021-08-27 21:55:35.380498,24.06
CT801,2021-08-27 21:55:45.422312,24.06
CT801,2021-08-27 21:56:05.516266,24.06
CT801,2021-08-27 21:56:15.563549,24.06
CT801,2021-08-27 21:56:35.659014,24.06
CT801,2021-08-27 21:56:45.705998,24.06
CT801,2021-08-27 21:57:05.800461,24.06
CT801,2021-08-27 21:57:15.846998,24.06
CT801,2021-08-27 21:57:25.893836,24.06
CT801,2021-08-27 21:57:35.942020,24.06
CT801,2021-08-27 21:57:45.977092,24.06
CT801,2021-08-27 21:57:56.024942,24.06
CT801,2021-08-27 21:58:06.072579,24.12
CT801,2021-08-27 21:58:16.119954,24.06
CT801,2021-08-27 21:58:26.167786,24.12
CT801,2021-08-27 21:58:36.216029,24.12
CT801,2021-08-27 21:58:46.262879,24.12
CT801,2021-08-27 21:58:56.310308,24.12
CT801,2021-08-27 21:59:16.404526,24.06
CT801,2021-08-27 21:59:36.498604,24.12
CT801,2021-08-27 21:59:46.546077,24.12
CT801,2021-08-27 21:59:56.594919,24.12
CT801,2021-08-27 22:00:16.690388,24.12
CT801,2021-08-27 22:00:36.785748,24.12
CT801,2021-08-27 22:00:46.832693,24.12
CT801,2021-08-27 22:00:56.880863,24.12
CT801,2021-08-27 22:01:06.931074,24.12
CT801,2021-08-27 22:01:16.979831,24.12
CT801,2021-08-27 22:01:27.024953,24.12
CT801,2021-08-27 22:02:07.190361,24.12
CT801,2021-08-27 22:02:27.285657,24.18
CT801,2021-08-27 22:02:37.332421,24.18
CT801,2021-08-27 22:02:47.380766,24.18
CT801,2021-08-27 22:02:57.429819,24.18
CT801,2021-08-27 22:03:17.509995,24.18
CT801,2021-08-27 22:03:27.557594,24.18
CT801,2021-08-27 22:03:37.604062,24.18
CT801,2021-08-27 22:03:47.652600,24.18
CT801,2021-08-27 22:03:57.687119,24.18
CT801,2021-08-27 22:04:07.738675,24.18
CT801,2021-08-27 22:04:27.835785,24.18
CT801,2021-08-27 22:04:47.928548,24.18
CT801,2021-08-27 22:05:28.101603,24.18
CT801,2021-08-27 22:05:38.146806,24.18
CT801,2021-08-27 22:05:48.194197,24.18
CT801,2021-08-27 22:06:18.320983,24.25
CT801,2021-08-27 22:06:28.369811,24.25
CT801,2021-08-27 22:06:38.417552,24.18
CT801,2021-08-27 22:06:58.513975,24.18
CT801,2021-08-27 22:07:28.639124,24.25
CT801,2021-08-27 22:07:38.686878,24.25
CT801,2021-08-27 22:07:48.735941,24.25
CT801,2021-08-27 22:07:58.783248,24.18
CT801,2021-08-27 22:08:08.831044,24.25
CT801,2021-08-27 22:08:28.918655,24.25
CT801,2021-08-27 22:08:49.015253,24.25
CT801,2021-08-27 22:08:59.063779,24.25
CT801,2021-08-27 22:09:19.159222,24.25
CT801,2021-08-27 22:09:29.208082,24.25
CT801,2021-08-27 22:09:49.298580,24.25
CT801,2021-08-27 22:09:59.346048,24.25
CT801,2021-08-27 22:10:09.394879,24.25
CT801,2021-08-27 22:10:29.488651,24.25
CT801,2021-08-27 22:10:39.537638,24.25
CT801,2021-08-27 22:10:49.585129,24.25
CT801,2021-08-27 22:10:59.629348,24.25
